SalesAmountDecile,SalesAmount
1,10611304.007999998
2,2278770.0629999987
3,1326365.432000001
4,860908.7619999996
5,598370.3110000008
6,421683.5810000002
7,284888.67000000004
8,193540.73099999985
9,118941.60000000008
10,-46480.77
